"Date","Description","Original Description","Amount","Transaction Type","Category","Account Name","Labels","Notes"
"10/20/2016","Travel Insurance Polic","TRAVEL INSURANCE POLIC RICHMOND, VA, US on 10/20/2016","21.88","debit","Air Travel","Investor Checking","",""
"10/20/2016","Pierpont Commons","U-GO'S PIERPONT COMMONS ANN ARBOR, MI, US on 10/20/2016","7.55","debit","Education","Investor Checking","",""
"10/20/2016","American Airlines","AMERICAN AIRLI AA GBOEN CENTRALIZED T, OK, US on 10/20/2016","263.10","debit","Air Travel","Investor Checking","",""
"10/20/2016","Delta","DELTA ATLANTA, GA, US on 10/20/2016","131.60","debit","Air Travel","Investor Checking","",""
"10/21/2016","Pnc Bank","PNCBANK 1100 S UNIVERSI ANN ARBOR","33.50","debit","Financial","Investor Checking","",""
"10/20/2016","Mujo Cafe","MUJO'S CAFE ANN ARBOR, MI #0000001","3.00","debit","Coffee Shops","Investor Checking","",""
"10/20/2016","Continental","USA*CONTINENTAL SEANN ARBOR, MI #0000001","2.20","debit","Fast Food","Investor Checking","",""
"10/20/2016","Venmo","VENMO PAYMENT","9.00","debit","Sports","Investor Checking","",""
"10/20/2016","Venmo","VENMO PAYMENT","15.00","debit","Gas & Fuel","Investor Checking","",""
"10/19/2016","Deposit Pncbank Xtransfr","ACH Deposit PNCBANK_XTRANSFR    P2P","434.00","credit","Income","Campus Card Student Checking","",""
"10/19/2016","7-Eleven","7-ELEVEN 1300 S UNIVERS ANN ARBOR","5.97","debit","Fast Food","Investor Checking","",""
"10/19/2016","Thorntons","THORNTONS #557 SPRINGBORO, OH #000000","2.55","debit","Coffee Shops","Investor Checking","",""
"10/19/2016","Mujo Cafe","MUJO'S CAFE ANN ARBOR, MI #0000001","2.55","debit","Coffee Shops","Investor Checking","",""
"10/19/2016","Ahmos North Campus","AHMOS NORTH CAMPUSANN ARBOR, MI #0000001","7.41","debit","Restaurants","Investor Checking","",""
"10/19/2016","Mujo Cafe","MUJO'S CAFE ANN ARBOR, MI #0000001","3.80","debit","Coffee Shops","Investor Checking","",""
"10/17/2016","Venmo","VENMO PAYMENT","7.00","debit","Fast Food","Investor Checking","",""
"10/16/2016","Chick-Fil-A","CHICK-FIL-A #02593FLORENCE, KY #00000019","8.11","debit","Fast Food","Investor Checking","",""
"10/16/2016","iTunes","APL* ITUNES.COM/BI866-712-7753, CA #0000","0.99","debit","Music","Investor Checking","",""
"10/15/2016","Kroger","KROGER 179 W. COLLEGE S STANTON","34.39","debit","Groceries","Investor Checking","",""
"10/15/2016","Pancheros Mexican Grill","PANCHEROS MEXICAN ANN ARBOR, MI #0000001","11.40","debit","Restaurants","Investor Checking","",""
"10/15/2016","Jimmy John's","JIMMY JOHNS # 9001734-913-9200, MI #0000","7.35","debit","Restaurants","Investor Checking","",""
"10/14/2016","Fuel Mart Gran","FUEL MART 714 2185 GRAN N BALTIMORE","3.20","debit","Fast Food","Investor Checking","",""
"10/14/2016","Pancheros Mexican Grill","PANCHEROS MEXICAN ANN ARBOR, MI #0000001","7.42","debit","Restaurants","Investor Checking","",""
"10/14/2016","Beeminder Or","BEEMINDER 646-535-2336, OR #0000","30.00","debit","Fees & Charges","Investor Checking","",""
"10/13/2016","Venmo Cashout Tran - Oct Rent","VENMO CASHOUT ~ Tran: ACHDD","739.00","credit","Rental Income","Investor Checking","",""
"10/13/2016","Continental","USA*CONTINENTAL SEANN ARBOR, MI #0000001","1.60","debit","Fast Food","Investor Checking","",""
"10/13/2016","Mujo Cafe","MUJO'S CAFE ANN ARBOR, MI #0000001","2.39","debit","Coffee Shops","Investor Checking","",""
"10/12/2016","Tcf Bank- for Aparrel","TCF BANK 1123 S UNIVERS ANN ARBOR","103.00","debit","Sporting Goods","Investor Checking","",""
"10/12/2016","Mighty Good","SQ *MIGHTY GOOD COANN ARBOR, MI #0000001","12.00","debit","Coffee Shops","Investor Checking","",""
"10/12/2016","Aramark","ARAMARK UNIV OF MIANN ARBOR, MI #0000001","5.35","debit","Coffee Shops","Investor Checking","",""
"10/12/2016","Continental","USA*CONTINENTAL SEANN ARBOR, MI #0000001","1.10","debit","Fast Food","Investor Checking","",""
"10/12/2016","7-Eleven","7-ELEVEN 1300 S UNIVERS ANN ARBOR","4.55","debit","Fast Food","Investor Checking","",""
"10/12/2016","Venmo Cashout","VENMO CASHOUT","85.00","credit","Income","Investor Checking","",""
"10/11/2016","Mujo Cafe","MUJO'S CAFE ANN ARBOR, MI #0000001","4.25","debit","Coffee Shops","Investor Checking","",""
"10/11/2016","B S N Sports","BSN SPORTS MYTEAM 972-884-7201, TX #0000","62.38","debit","Sporting Goods","Investor Checking","",""
"10/11/2016","Mujo Cafe","MUJO'S CAFE ANN ARBOR, MI #0000001","4.04","debit","Coffee Shops","Investor Checking","",""
"10/11/2016","Mujo Cafe","MUJO'S CAFE ANN ARBOR, MI #0000001","4.75","debit","Coffee Shops","Investor Checking","",""
"10/11/2016","Mujo Cafe","MUJO'S CAFE ANN ARBOR, MI #0000001","2.39","debit","Coffee Shops","Investor Checking","",""
"10/11/2016","U Go Pierpont","U-GO'S PIERPONT COANN ARBOR, MI #0000001","8.30","debit","Restaurants","Investor Checking","",""
"10/11/2016","Amazon","AMAZON MARKETPLA INTERNET 161008","4.24","debit","Books","Investor Checking","",""
"10/09/2016","Comet Coffee","SQ *COMET COFFEE ANN ARBOR, MI #0000001","3.18","debit","Coffee Shops","Investor Checking","",""
"10/08/2016","Sadako Japanese Restaurant","SADAKO JAPANESE REANN ARBOR, MI #0000001","19.06","debit","Restaurants","Investor Checking","",""
"10/08/2016","Mujo Cafe","MUJO'S CAFE ANN ARBOR, MI #0000001","6.10","debit","Coffee Shops","Investor Checking","",""
"10/08/2016","Mujo Cafe","MUJO'S CAFE ANN ARBOR, MI #0000001","1.55","debit","Coffee Shops","Investor Checking","",""
"10/07/2016","Continental","USA*CONTINENTAL SEANN ARBOR, MI #0000001","2.30","debit","Fast Food","Investor Checking","",""
"10/06/2016","Continental","USA*CONTINENTAL SEANN ARBOR, MI #0000001","1.10","debit","Fast Food","Investor Checking","",""
"10/06/2016","Continental","USA*CONTINENTAL SEANN ARBOR, MI #0000001","1.10","debit","Fast Food","Investor Checking","",""
"10/05/2016","Deposit Pncbank Xtransfr","ACH Deposit PNCBANK_XTRANSFR    P2P","434.00","credit","Income","Campus Card Student Checking","",""
"10/05/2016","Computer Showcase","UM COMPUTER SHOWCAANN ARBOR, MI #0000001","83.74","debit","Electronics & Software","Investor Checking","",""
"10/05/2016","Mujo Cafe","MUJO'S CAFE ANN ARBOR, MI #0000001","6.84","debit","Coffee Shops","Investor Checking","",""
"10/05/2016","Continental","USA*CONTINENTAL SEANN ARBOR, MI #0000001","1.10","debit","Fast Food","Investor Checking","",""
"10/04/2016","Venmo Cashout","VENMO CASHOUT","400.00","credit","Income","Investor Checking","",""
"10/04/2016","Starbucks","STARBUCKS STORE 02ANN ARBOR, MI #0000001","3.82","debit","Coffee Shops","Investor Checking","",""
"10/03/2016","Jimmy John's","JIMMY JOHNS # 9001ANN ARBOR, MI #0000001","6.88","debit","Fast Food","Investor Checking","",""
"10/03/2016","Live Last Wo","LIVE / THE LAST WOANN ARBOR, MI #0000001","23.00","debit","Alcohol & Bars","Investor Checking","",""
"10/03/2016","Airbnb Payments Fkxskkvke","AIRBNB PAYMENTS 2FKXSKKVKE RMR*IK*G-JV7","144.00","credit","Income","Investor Checking","",""
"10/02/2016","Sp So Ill","SP * SO ILL SOILL.MYSHOPI, MO #000","45.60","debit","Sports","Investor Checking","",""
"10/02/2016","Mujo Cafe","MUJO'S CAFE ANN ARBOR, MI #0000001","6.35","debit","Coffee Shops","Investor Checking","",""
"10/02/2016","Yoon Bakery","YOON'S BAKERY ANN ARBOR, MI #0000001","7.18","debit","Restaurants","Investor Checking","",""
"10/02/2016","Continental","USA*CONTINENTAL SEANN ARBOR, MI #0000001","1.10","debit","Fast Food","Investor Checking","",""
"10/02/2016","Trader Joe's","TRADER JOE'S #678 ANN ARBOR, MI #0000001","74.12","debit","Groceries","Investor Checking","",""
"10/01/2016","Mighty Good","SQ *MIGHTY GOOD COANN ARBOR, MI #0000001","12.00","debit","Coffee Shops","Investor Checking","",""
"9/30/2016","ATM Fee Refund","ATM Fee Rebate","5.95","credit","Reimbursement","Investor Checking","",""
"9/30/2016","Mujo Cafe","MUJO'S CAFE ANN ARBOR, MI #0000001","2.75","debit","Coffee Shops","Investor Checking","",""
"9/30/2016","Starbucks","STARBUCKS STORE 02ANN ARBOR, MI #0000001","2.60","debit","Coffee Shops","Investor Checking","",""
"9/30/2016","Au Bon Pain","U MICHIGANAUBONPAIANN ARBOR, MI #0000001","4.96","debit","Fast Food","Investor Checking","",""
"9/30/2016","Gate","GOLDEN GATE TOLL I877-299-8655, CA #0000","15.00","debit","Gas & Fuel","Investor Checking","",""
"9/30/2016","Mujo Cafe","MUJO'S CAFE ANN ARBOR, MI #0000001","4.00","debit","Coffee Shops","Investor Checking","",""
"9/30/2016","Interest Paid","Interest Paid","0.48","credit","Interest Income","Investor Checking","",""
"9/29/2016","Prime Student Ho  - chriss","Prime Student Ho RESIDENT","739.00","debit","Mortgage & Rent","Investor Checking","",""
"9/29/2016","Prime Student Ho  - chriss","Prime Student Ho RESIDENT","738.95","debit","Mortgage & Rent","Investor Checking","",""
"9/29/2016","Continental","USA*CONTINENTAL SEANN ARBOR, MI #0000001","2.35","debit","Fast Food","Investor Checking","",""
"9/29/2016","Continental","USA*CONTINENTAL SEANN ARBOR, MI #0000001","1.10","debit","Fast Food","Investor Checking","",""
"9/29/2016","Planet Rock","PLANET ROCK ANN ARBOR, MI #0000001","10.00","debit","Sports","Investor Checking","",""
"9/29/2016","Venmo","VENMO PAYMENT","100.00","debit","Sports","Investor Checking","",""
"9/28/2016","iTunes","APL* ITUNES.COM/BI866-712-7753, CA #0000","4.99","debit","Music","Investor Checking","",""
"9/28/2016","Continental","USA*CONTINENTAL SEANN ARBOR, MI #0000001","1.10","debit","Fast Food","Investor Checking","",""
"9/28/2016","Mighty Good","SQ *MIGHTY GOOD COANN ARBOR, MI #0000001","6.10","debit","Coffee Shops","Investor Checking","",""
"9/28/2016","Starbucks","STARBUCKS STORE 02ANN ARBOR, MI #0000001","5.04","debit","Coffee Shops","Investor Checking","",""
"9/28/2016","Fireside","FIRESIDE CAF PIERANN ARBOR, MI #0000001","7.99","debit","Fast Food","Investor Checking","",""
"9/27/2016","Mujo Cafe","MUJO'S CAFE ANN ARBOR, MI #0000001","5.45","debit","Coffee Shops","Investor Checking","",""
"9/27/2016","Beeminder Or","BEEMINDER 646-535-2336, OR #0000","10.00","debit","Fees & Charges","Investor Checking","",""
"9/27/2016","Fireside","FIRESIDE CAF PIERANN ARBOR, MI #0000001","8.50","debit","Fast Food","Investor Checking","",""
"9/27/2016","Univ Of Michigan Med","Univ of Michigan UMich ePay 160926","9893.19","debit","Tuition","Investor Checking","",""
"9/27/2016","Funds Transfer Brokerage","Funds Transfer from Brokerage -9258","1520.00","credit","Transfer","Investor Checking","",""
"9/26/2016","ATM Fee","Cardtronics CCS 511 CHU ANN ARBOR","3.00","debit","ATM Fee","Investor Checking","",""
"9/26/2016","Cardtronics Ccs Chu","Cardtronics CCS 511 CHU ANN ARBOR","20.00","debit","Cash & ATM","Investor Checking","",""
"9/26/2016","Airbnb Payments P","AIRBNB PAYMENTS P7OOG67NPL RMR*IK*G-555","144.00","credit","Income","Investor Checking","",""
"9/26/2016","Campus Corner","CAMPUS CORNER ANN ARBOR, MI #0000001","8.68","debit","Alcohol & Bars","Investor Checking","",""
"9/26/2016","Liberated Syndicat Pa","LIBERATED SYNDICAT4126210902, PA #000000","9.99","credit","Income","Investor Checking","",""
"9/26/2016","Liberated Syndicat Pa","LIBERATED SYNDICAT412-621-0902, PA #0000","9.99","debit","Uncategorized","Investor Checking","Hide",""
"9/26/2016","University Of Mi","UNIVERSITY OF MICHANN ARBOR, MI #0000001","11.00","debit","Doctor","Investor Checking","",""
"9/25/2016","Ahmos Gyros & Deli","AHMOS GYROS & DELIANN ARBOR, MI #0000001","11.54","debit","Fast Food","Investor Checking","",""
"9/23/2016","Mujo Cafe","MUJO'S CAFE ANN ARBOR, MI #0000001","2.75","debit","Coffee Shops","Investor Checking","",""
"9/23/2016","Fireside","FIRESIDE CAF PIERANN ARBOR, MI #0000001","8.50","debit","Fast Food","Investor Checking","",""
"9/23/2016","Mujo Cafe","MUJO'S CAFE ANN ARBOR, MI #0000001","4.55","debit","Coffee Shops","Investor Checking","",""
"9/22/2016","Continental","USA*CONTINENTAL SEANN ARBOR, MI #0000001","2.20","debit","Fast Food","Investor Checking","",""
"9/22/2016","Amazon","AMAZON MARKETPLA INTERNET 160920","25.70","debit","Shopping","Investor Checking","",""
"9/21/2016","Deposit Pncbank Xtransfr","ACH Deposit PNCBANK_XTRANSFR    P2P","434.00","credit","Income","Campus Card Student Checking","",""
"9/21/2016","Continental","USA*CONTINENTAL SEANN ARBOR, MI #0000001","1.20","debit","Fast Food","Investor Checking","",""
"9/21/2016","Venmo - Tri Social","VENMO-2 PAYMENT","30.00","debit","Sports","Investor Checking","",""
"9/21/2016","Mujo Cafe","MUJO'S CAFE ANN ARBOR, MI #0000001","2.80","debit","Coffee Shops","Investor Checking","",""
"9/20/2016","Amazon","AMAZON MARKETPLA INTERNET 160919","12.99","debit","Shopping","Investor Checking","",""
"9/20/2016","Aramark","ARAMARK UNIV OF MIANN ARBOR, MI #0000001","4.98","debit","Coffee Shops","Investor Checking","",""
"9/20/2016","Inst Xfer - Books","PAYPAL INST XFER 160919","52.73","debit","Books & Supplies","Investor Checking","",""
"9/20/2016","Inst Xfer Tran","PAYPAL INST XFER 160918~ Tran: ACHDW","19.99","debit","Electronics & Software","Investor Checking","",""
"9/20/2016","Airbnb Payments Rjxgj","AIRBNB PAYMENTS RJXGJ2CXMM RMR*IK*G-U3N","73.00","credit","Income","Investor Checking","",""
"9/20/2016","Mujo Cafe","MUJO'S CAFE ANN ARBOR, MI #0000001","4.65","debit","Coffee Shops","Investor Checking","",""
"9/19/2016","Venmo  - Climbing Club","VENMO-2 PAYMENT","20.00","debit","Sports","Investor Checking","",""
"9/19/2016","Aramark","ARAMARK UNIV OF MIANN ARBOR, MI #0000001","5.72","debit","Coffee Shops","Investor Checking","",""
"9/19/2016","Venmo - Utilities","VENMO-2 PAYMENT","52.70","debit","Utilities","Investor Checking","",""
"9/19/2016","Rich J C","RICH J C RESTAURANANN ARBOR, MI #0000001","21.50","debit","Restaurants","Investor Checking","",""
"9/18/2016","Pizza House Ann","PIZZA HOUSE - ANN 734-564-1012, MI #0000","16.21","debit","Restaurants","Investor Checking","",""
"9/17/2016","Espresso Royale","SQ *ESPRESSO ROYALANN ARBOR, MI #0000001","14.95","debit","Coffee Shops","Investor Checking","",""
"9/17/2016","Planet Rock","PLANET ROCK ANN ARBOR, MI #0000001","3.25","debit","Sports","Investor Checking","",""
"9/16/2016","Mujo Cafe","MUJO'S CAFE ANN ARBOR, MI #0000001","4.00","debit","Coffee Shops","Investor Checking","",""
"9/16/2016","iTunes","APL* ITUNES.COM/BI866-712-7753, CA #0000","0.99","debit","Music","Investor Checking","",""
"9/16/2016","ATM Fee","Cardtronics CCW 1300 S ANN ARBOR","2.95","debit","ATM Fee","Investor Checking","",""
"9/16/2016","Cardtronics Ccw","Cardtronics CCW 1300 S ANN ARBOR","40.00","debit","Cash & ATM","Investor Checking","",""
"9/15/2016","Continental","USA*CONTINENTAL SEANN ARBOR, MI #0000001","1.10","debit","Air Travel","Investor Checking","",""
"9/15/2016","Fireside","FIRESIDE CAF PIERANN ARBOR, MI #0000001","6.89","debit","Fast Food","Investor Checking","",""
"9/15/2016","Amazon","AMAZON MARKETPLA INTERNET 160913","4.65","debit","Shopping","Investor Checking","",""
"9/14/2016","Venmo Cashout","VENMO-0 CASHOUT","915.00","credit","Income","Investor Checking","",""
"9/14/2016","Mujo Cafe","MUJO'S CAFE ANN ARBOR, MI #0000001","2.80","debit","Coffee Shops","Investor Checking","",""
"9/13/2016","Continental","USA*CONTINENTAL SEANN ARBOR, MI #0000001","2.35","debit","Air Travel","Investor Checking","",""
"9/13/2016","U Mich Ncamp","U-OF-MICH-NCAMP 2101 BO ANN ARBOR","6.34","debit","Shopping","Investor Checking","",""
"9/13/2016","Amazon","AMAZON INTERNET 160910","12.59","debit","Shopping","Investor Checking","",""
"9/13/2016","Airbnb Payments A","AIRBNB PAYMENTS A2PF3ZKPSG RMR*IK*G-URQ","73.00","credit","Income","Investor Checking","",""
"9/12/2016","Inst Xfer - Evernote","PAYPAL INST XFER 160909","69.99","debit","Electronics & Software","Investor Checking","",""
"9/12/2016","Jimmy John's","JIMMY JOHNS # 9001ANN ARBOR, MI #0000001","8.20","debit","Restaurants","Investor Checking","",""
"9/12/2016","Panera Bread","PANERA BREAD #6013ANN ARBOR, MI #0000001","5.82","debit","Fast Food","Investor Checking","",""
"9/11/2016","iTunes","APL* ITUNES.COM/BI866-712-7753, CA #0000","8.47","debit","Music","Investor Checking","",""
"9/11/2016","7-Eleven","7-ELEVEN 1300 S UNIVERS ANN ARBOR","4.89","debit","Fast Food","Investor Checking","",""
"9/10/2016","Chane Music Ci","CHANE MUSIC AND CI800-992-7252, FL #0000","124.25","debit","Electronics & Software","Investor Checking","",""
"9/09/2016","Mujo Cafe","MUJO'S CAFE ANN ARBOR, MI #0000001","5.50","debit","Coffee Shops","Investor Checking","",""
"9/08/2016","Deposit Pncbank Xtransfr","ACH Deposit PNCBANK_XTRANSFR    P2P","434.00","credit","Income","Campus Card Student Checking","",""
"9/08/2016","Penn Station Plymouth","PENN STATION 268 PLYMOUTH, MI #00000019","12.16","debit","Fast Food","Investor Checking","",""
"9/08/2016","Planet Rock","PLANET ROCK ANN ARBOR, MI #0000001","243.00","debit","Sports","Investor Checking","",""
"9/08/2016","Inst Xfer - IM leagues","PAYPAL INST XFER 160907","50.00","debit","Sports","Investor Checking","",""
"9/07/2016","Prime Student Ho  - chriss","Prime Student Ho RESIDENT","739.00","debit","Mortgage & Rent","Investor Checking","Reimbursable",""
"9/07/2016","Prime Student Ho","Prime Student Ho RESIDENT","738.95","debit","Mortgage & Rent","Investor Checking","",""
"9/07/2016","Mujo Cafe","MUJO'S CAFE ANN ARBOR, MI #0000001","1.05","debit","Coffee Shops","Investor Checking","",""
"9/07/2016","Airbnb Payments G","AIRBNB PAYMENTS G4AAJOQM4P RMR*IK*G-52E","0.01","credit","Income","Investor Checking","",""
"9/06/2016","Ku Parking Web","KU - PARKING WEB 785-864-5961, KS #0000","25.00","debit","Auto & Transport","Investor Checking","",""
"9/06/2016","Sublette Crct Cour","SUBLETTE CRCT COUR307-367-2556, WY #0000","99.00","debit","Auto & Transport","Investor Checking","",""
"9/06/2016","Altairglob Cwf Altair","AltairGlob640CWF Altair","1269.00","credit","Income","Investor Checking","",""
"9/06/2016","Funds Transfer Brokerage","Funds Transfer from Brokerage -9258","7000.00","credit","Transfer","Investor Checking","Hide",""
"9/06/2016","Funds Transfer Brokerage","Funds Transfer to Brokerage -9258","700.00","debit","Transfer","Investor Checking","Hide",""
"9/05/2016","No Thai","NO THAI S UNIVERSANN ARBOR, MI #0000001","9.54","debit","Fast Food","Investor Checking","",""
"9/05/2016","Mighty Good","SQ *MIGHTY GOOD COANN ARBOR, MI #0000001","3.50","debit","Coffee Shops","Investor Checking","",""
"9/04/2016","Rei Ann Arborann","REI #124 ANN ARBORANN ARBOR, MI #0000001","43.84","credit","Returned Purchase","Investor Checking","",""
"9/04/2016","Walgreens","WALGREENS STORE 317 S S ANN ARBOR","23.50","debit","Pharmacy","Investor Checking","",""
"9/04/2016","7-Eleven","7-ELEVEN 1300 S UNIVERS ANN ARBOR","1.69","debit","Fast Food","Investor Checking","",""
"9/03/2016","McDonald's","MCDONALD'S F29828 CHESTERTON, IN #000000","5.44","debit","Fast Food","Investor Checking","",""
"9/03/2016","Mighty Good","SQ *MIGHTY GOOD COANN ARBOR, MI #0000001","3.00","debit","Coffee Shops","Investor Checking","",""
"9/02/2016","Meijer - Chris","MEIJER INC 064 3145 SAL ANN ARBOR","26.00","debit","Groceries","Investor Checking","Reimbursable",""
"9/02/2016","Meijer","MEIJER INC 064 3145 SAL ANN ARBOR","162.16","debit","Groceries","Investor Checking","",""
"9/02/2016","Best Buy","BEST BUY #408 3100 LOHR ANN ARMOR","97.72","debit","Electronics & Software","Investor Checking","",""
"9/02/2016","Chick-Fil-A","CHICK-FIL-A #02061THORNTON, CO #00000019","2.16","debit","Fast Food","Investor Checking","",""
"9/02/2016","Chick-Fil-A","CHICK-FIL-A #02061THORNTON, CO #00000019","6.76","debit","Fast Food","Investor Checking","",""
"9/01/2016","Shell","SHELL Service Station SPRINGFIELD","2.52","debit","Gas & Fuel","Investor Checking","",""
"9/01/2016","Jefferson's Restaurant","JEFFERSONS RESTAURLAWRENCE, KS #00000019","48.93","debit","Restaurants","Investor Checking","",""
"9/01/2016","Petro Laramie Laramie","PETRO LARAMIE LARAMIE, WY #000000190","32.14","debit","Gas & Fuel","Investor Checking","",""
"9/01/2016","Pilot Travel Center","PILOT Burns Harbor","19.71","debit","Gas & Fuel","Investor Checking","",""
"9/01/2016","Deposit Mobile Banking","Deposit Mobile Banking","977.28","credit","Income","Investor Checking","",""
"8/31/2016","Shell","SHELL Service Station BELLVUE","4.04","debit","Gas & Fuel","Investor Checking","",""
"8/31/2016","Cenex Rocky Mo","CENEX ROCKY MO0708ENNIS, MT #00000019006","23.82","debit","Auto & Transport","Investor Checking","",""
"8/31/2016","McDonald's","MCDONALD'S F12294 MOSES LAKE, WA #000000","7.64","debit","Fast Food","Investor Checking","",""
"8/31/2016","Shell","SHELL OIL 93004215SEATTLE, WA #000000190","38.68","debit","Gas & Fuel","Investor Checking","",""
"8/31/2016","Interest Paid","Interest Paid","0.18","credit","Interest Income","Investor Checking","",""
"8/31/2016","Yellow Stone","YELLOWSTONE NP-WYVMAMMOTH HOT S, WY #000","56.00","debit","Business Services","Investor Checking","",""
"8/31/2016","ATM Fee Refund","ATM Fee Rebate","7.49","credit","Reimbursement","Investor Checking","",""
"8/31/2016","Kum & Go","KUM & GO #967 104 DESER ROCK SPRINGS","10.24","debit","Gas & Fuel","Investor Checking","",""
"8/30/2016","REI","REI #11 SEATTLE SEATTLE, WA #000000190","103.09","debit","Sporting Goods","Investor Checking","",""
"8/30/2016","REI - Chris","REI #11 SEATTLE SEATTLE, WA #000000190","200.00","debit","Sporting Goods","Investor Checking","Reimbursable",""
"8/30/2016","Conoco","CONOCO - MOSES LAKMOSES LAKE, WA #000000","22.30","debit","Gas & Fuel","Investor Checking","",""
"8/30/2016","Paseo","PASEO SEATTLE, WA #000000190","10.69","debit","Food & Dining","Investor Checking","",""
"8/30/2016","Chevron","CHEVRON/SCOTT LIVINGSTO JACKSON","5.99","debit","Food & Dining","Investor Checking","",""
"8/30/2016","Blue","BLUE STAR DONUTS PORTLAND, OR #00000019","7.00","debit","Business Services","Investor Checking","",""
"8/30/2016","Cenex Rocky Mo","CENEX ROCKY MO0704ENNIS, MT #00000019005","4.26","debit","Auto & Transport","Investor Checking","",""
"8/30/2016","Espresso Vivace","ESPRESSO VIVACE SESEATTLE, WA #000000190","4.50","debit","Coffee Shops","Investor Checking","",""
"8/29/2016","Starbucks","STARBUCKS #22344 SSeattle, WA #000000190","4.38","debit","Coffee Shops","Investor Checking","",""
"8/29/2016","Slanted Door","SLANTED DOOR SAN FRANCISCO, CA #000","7.92","debit","Restaurants","Investor Checking","",""
"8/29/2016","Venmo Cashout","VENMO-0 CASHOUT","50.00","credit","Income","Investor Checking","",""
"8/29/2016","Stumptown Coffee Corp","STUMPTOWN COFFEE PORTLAND, OR #00000019","3.00","debit","Coffee Shops","Investor Checking","",""
"8/29/2016","22nd Burn","22ND AND BURN INC PORTLAND, OR #00000019","61.69","debit","Entertainment","Investor Checking","",""
"8/29/2016","Powell","POWELL'S BURNSIDE PORTLAND, OR #00000019","18.00","debit","Books","Investor Checking","",""
"8/29/2016","Funds Transfer Brokerage","Funds Transfer from Brokerage -9258","1520.00","credit","Transfer","Investor Checking","",""
"8/29/2016","Venmo Cashout","VENMO-0 CASHOUT","52.50","credit","Income","Investor Checking","",""
"8/29/2016","Cafe Delirium Gresham","CAFE DELIRIUM GRESHAM, OR #000000190","6.20","debit","Coffee Shops","Investor Checking","",""
"8/29/2016","Stumptown Coffee Corp","STUMPTOWN COFFEE PORTLAND, OR #00000019","17.00","debit","Coffee Shops","Investor Checking","",""
"8/29/2016","Four Lakes Grocery","FOUR LAKES GROCE FOUR LAKES","3.58","debit","Fast Food","Investor Checking","",""
"8/29/2016","Valley Grocery","VALLEY GROC ALBERTON","42.50","debit","Groceries","Investor Checking","",""
"8/29/2016","Conoco","MOSES LAKE CONOC MOSES LAKE","2.67","debit","Fast Food","Investor Checking","",""
"8/29/2016","Pedal Bicycle Tours LLC","PEDAL BICYCLE TOURPORTLAND, OR #00000019","7.00","debit","Shopping","Investor Checking","",""
"8/28/2016","In-N-Out Burger","IN-N-OUT BURGER #1PINOLE, CA #0000001900","9.53","debit","Fast Food","Investor Checking","",""
"8/28/2016","Chevron","CHEVRON/N & M FAKHRY SE PORTLAND","2.00","debit","Gas & Fuel","Investor Checking","",""
"8/28/2016","Walgreens","WALGREENS STORE 2103 W PORTLAND","33.95","debit","Pharmacy","Investor Checking","",""
"8/27/2016","Ruby Skye","RUBY SKYE SAN FRANCISCO, CA #000","53.00","debit","Alcohol & Bars","Investor Checking","",""
"8/27/2016","Cafe Algiers","CAFE ALGIERS SAN FRANCISCO, CA #000","4.35","debit","Restaurants","Investor Checking","",""
"8/27/2016","Ruby Skye","RUBY SKYE SAN FRANCISCO, CA #000","36.00","debit","Alcohol & Bars","Investor Checking","",""
"8/27/2016","Starbucks","STARBUCKS STORE 05SAN FRANCISCO, CA #000","3.75","debit","Coffee Shops","Investor Checking","",""
"8/27/2016","Ruby Skye","RUBY SKYE SAN FRANCISCO, CA #000","12.00","debit","Alcohol & Bars","Investor Checking","",""
"8/27/2016","iTunes","APL* ITUNES.COM/BI866-712-7753, CA #0000","13.77","debit","Music","Investor Checking","",""
"8/27/2016","Uber.com","UBER US AUG25 IRHELP.UBER.COM, CA #000","5.75","debit","Rental Car & Taxi","Investor Checking","",""
"8/27/2016","iTunes","APL* ITUNES.COM/BI866-712-7753, CA #0000","4.99","debit","Music","Investor Checking","",""
"8/26/2016","Soma Wine Spi","SOMA WINE & SPI 246 B S SAN FRANCISCO","62.99","debit","Alcohol & Bars","Investor Checking","",""
"8/26/2016","BART","BART-CLIPPER EMBARCADE SAN FRANCISCO","4.00","debit","Public Transportation","Investor Checking","",""
"8/26/2016","Cafe Algiers","CAFE ALGIERS SAN FRANCISCO, CA #000","7.85","debit","Restaurants","Investor Checking","",""
"8/26/2016","Uber.com","UBER US AUG24 ZAHELP.UBER.COM, CA #000","5.32","debit","Rental Car & Taxi","Investor Checking","",""
"8/26/2016","Yoppi Yogurt","YOPPI YOGURT SAN FRANCISCO, CA #000","6.49","debit","Business Services","Investor Checking","",""
"8/26/2016","Tava Indian Kitche","TAVA INDIAN KITCHESAN FRANCISCO, CA #000","10.71","debit","Restaurants","Investor Checking","",""
"8/26/2016","CVS","CVS/PHARMACY #10 10164- SAN FRANCISCO","12.66","debit","Pharmacy","Investor Checking","",""
"8/26/2016","Walgreens","WALGREENS STORE 500 GEA SAN FRANCISCO","2.54","debit","Pharmacy","Investor Checking","",""
"8/26/2016","Pacific Gas El","PACIFIC GAS & EL PAYROLL ~ Tran: ACHDD","1516.49","credit","Paycheck","Investor Checking","",""
"8/25/2016","San Francisco, Ca Rgnl","TEETH SAN FRANCISCO, CA #000","23.23","debit","Business Services","Investor Checking","",""
"8/25/2016","Uber.com","UBER US AUG23 IWHELP.UBER.COM, CA #000","12.68","debit","Rental Car & Taxi","Investor Checking","",""
"8/25/2016","Wesburger N More","WESBURGER N MORE SAN FRANCISCO, CA #000","6.00","debit","Fast Food","Investor Checking","",""
"8/25/2016","Bar None","BAR NONE SAN FRANCISCO, CA #000","16.00","debit","Alcohol & Bars","Investor Checking","",""
"8/25/2016","Java House","SQ *JAVA HOUSE San Francisco, CA #000","13.05","debit","Coffee Shops","Investor Checking","",""
"8/25/2016","Muji Soma","MUJI SOMA SAN FRANCISCO, CA #000","46.48","debit","Books & Supplies","Investor Checking","",""
"8/25/2016","Uber.com","UBER US AUG23 DXHELP.UBER.COM, CA #000","10.68","debit","Rental Car & Taxi","Investor Checking","",""
"8/24/2016","Deposit Pncbank Xtransfr","ACH Deposit PNCBANK_XTRANSFR    P2P","434.00","credit","Income","Campus Card Student Checking","",""
"8/24/2016","Philz Coffee San","SQ *PHILZ COFFEE SAN FRANCISCO, CA #000","8.50","debit","Coffee Shops","Investor Checking","",""
"8/24/2016","Sushiritto Market","SUSHIRITTO MARKET SAN FRANCISCO, CA #000","14.72","debit","Groceries","Investor Checking","",""
"8/24/2016","Pacific Gas El","PACIFIC GAS & EL AP RMR*OI*1115138**144","144.72","credit","Income","Investor Checking","",""
"8/24/2016","Apple","APPLE STORE #R075SAN FRANCISCO, CA #000","53.29","debit","Electronics & Software","Investor Checking","",""
"8/24/2016","Starbucks","STARBUCKS STORE 05SAN FRANCISCO, CA #000","7.20","debit","Coffee Shops","Investor Checking","",""
"8/23/2016","Inst Xfer Tran","PAYPAL INST XFER 160822~ Tran: ACHDW","105.00","debit","Transfer","Investor Checking","",""
"8/21/2016","Subway","SUBWAY 0426BERKELEY, CA #00000019","4.93","debit","Fast Food","Investor Checking","",""
"8/20/2016","Cafe Strada","CAFE STRADA, INC BERKELEY, CA #00000019","5.00","debit","Restaurants","Investor Checking","",""
"8/20/2016","Deposit Mobile Banking","Deposit Mobile Banking","50.00","credit","Income","Investor Checking","",""
"8/20/2016","Algiers Cafe","SQ *ALGIERS CAFE SAN FRANCISCO, CA #000","10.85","debit","Restaurants","Investor Checking","",""
"8/20/2016","Gawfco Enterprises Inc.","GAWFCO ENTERPRIS SAN FRANCISCO","1.59","debit","Gas & Fuel","Investor Checking","",""
"8/19/2016","Chevron","CHEVRON 0090338 OAKLAND, CA #000000190","41.44","debit","Gas & Fuel","Investor Checking","",""
"8/19/2016","Venmo Cashout","VENMO-0 CASHOUT","70.00","credit","Income","Investor Checking","",""
"8/19/2016","Eatsa Ca","EATSA 4159304006, CA #000000","7.84","debit","Fast Food","Investor Checking","",""
"8/19/2016","Venmo","VENMO-2 PAYMENT","44.75","debit","Transfer","Investor Checking","",""
"8/18/2016","Amazon","AMAZON MARKETPLA INTERNET 160817","69.95","debit","Shopping","Investor Checking","",""
"8/18/2016","Chevron","CHEVRON/RETAIL ALLIANCE RIO VISTA","2.68","debit","Gas & Fuel","Investor Checking","",""
"8/18/2016","Eatsa Ca","EATSA 4159304006, CA #000000","8.92","debit","Fast Food","Investor Checking","",""
"8/18/2016","Haus Coffee","SQ *HAUS COFFEE SAN FRANCISCO, CA #000","3.00","debit","Coffee Shops","Investor Checking","",""
"8/18/2016","Koja Kitchen","SQ *KOJA KITCHEN Berkeley, CA #00000019","7.94","debit","Food & Dining","Investor Checking","",""
"8/17/2016","Sightglass Cof","SQ *SIGHTGLASS COFSAN FRANCISCO, CA #000","3.50","debit","Coffee Shops","Investor Checking","",""
"8/17/2016","Subway","SUBWAY 0426BERKELEY, CA #00000019","6.57","debit","Fast Food","Investor Checking","",""
"8/17/2016","Fastrak","FASTRAK VIOLATION 415-486-8655, CA #0000","32.25","debit","Auto & Transport","Investor Checking","",""
"8/16/2016","Miss Tomato Sandwich Shop","MISS TOMATO SANDWISAN FRANCISCO, CA #000","7.25","debit","Fast Food","Investor Checking","",""
"8/16/2016","iTunes","APL* ITUNES.COM/BI866-712-7753, CA #0000","0.99","debit","Music","Investor Checking","",""
"8/15/2016","BART","BART-CLIPPER EMBARCADE SAN FRANCISCO","40.00","debit","Public Transportation","Investor Checking","",""
"8/15/2016","Amazon","AMAZON INTERNET 160811","12.35","debit","Shopping","Investor Checking","",""
"8/14/2016","In-N-Out Burger","IN-N-OUT BURGER #1LIVERMORE, CA #0000001","7.34","debit","Fast Food","Investor Checking","",""
"8/14/2016","Starbucks","STARBUCKS STORE 09SAN FRANCISCO, CA #000","2.45","debit","Coffee Shops","Investor Checking","",""
"8/13/2016","Mono Market Hwy","MONO MARKET 51303 HWY 3 LEE VNING","12.21","debit","Groceries","Investor Checking","",""
"8/13/2016","Atlas Cafe","ATLAS CAFE SAN FRANCISCO, CA #000","5.55","debit","Restaurants","Investor Checking","",""
"8/13/2016","Theos Cheesesteak Ca","THEOS CHEESESTEAK 8005602197, CA #000000","15.75","debit","Restaurants","Investor Checking","",""
"8/13/2016","Starbucks","STARBUCKS STORE 09SAN FRANCISCO, CA #000","5.70","debit","Coffee Shops","Investor Checking","",""
"8/13/2016","Cafe Strada","CAFE STRADA, INC BERKELEY, CA #00000019","5.40","debit","Restaurants","Investor Checking","",""
"8/13/2016","Tioga Pass Gas Mart","TIOGA PASS GAS MART 22 LEE VINING","19.09","debit","Gas & Fuel","Investor Checking","",""
"8/12/2016","Pacific Gas El","PACIFIC GAS & EL PAYROLL ~ Tran: ACHDD","1516.49","credit","Paycheck","Investor Checking","",""
"8/12/2016","The Melt","THE MELT 0005 BERKELEY, CA #00000019","9.75","debit","Shopping","Investor Checking","",""
"8/12/2016","Yelpinc Eat Miss","YELPINC*EAT24 MISS877-887-7815, CA #0000","7.25","debit","Food & Dining","Investor Checking","",""
"8/12/2016","Squarespace Ny","SQUARESPACE INC. 6465803456, NY #000000","144.00","debit","Electronics & Software","Investor Checking","",""
"8/11/2016","Eatsa Ca","EATSA 4159304006, CA #000000","8.92","debit","Food & Dining","Investor Checking","",""
"8/11/2016","Subway","SUBWAY 0426BERKELEY, CA #00000019","6.57","debit","Fast Food","Investor Checking","",""
"8/10/2016","Deposit Pncbank Xtransfr","ACH Deposit PNCBANK_XTRANSFR    P2P","434.00","credit","Income","Campus Card Student Checking","",""
"8/10/2016","Venmo Cashout","VENMO-0 CASHOUT","630.89","credit","Income","Investor Checking","",""
"8/10/2016","Specialty S Cafe and Bakery","SPECIALTYS CAFE ANSAN FRANCISCO, CA #000","11.52","debit","Restaurants","Investor Checking","",""
"8/09/2016","BART","BART-CLIPPER EMBARCADE SAN FRANCISCO","40.00","debit","Public Transportation","Investor Checking","",""
"8/07/2016","Blaze Pizza Davis","BLAZE PIZZA-DAVIS DAVIS, CA #00000019003","13.99","debit","Restaurants","Investor Checking","",""
"8/06/2016","Tahoe City Sush","TAHOE CITY SUSH 690 NOR Tahoe City","22.00","debit","Restaurants","Investor Checking","",""
"8/06/2016","Cafe Strada","CAFE STRADA, INC BERKELEY, CA #00000019","4.00","debit","Restaurants","Investor Checking","",""
"8/06/2016","Young's Backpacking, Inc","YOUNGS BACKPACKING INC BERKELEY","27.37","debit","Sporting Goods","Investor Checking","",""
"8/06/2016","Berkel & Berkel","PP*CREAMBERKEL BERKELEY, CA #00000019","4.99","debit","Restaurants","Investor Checking","",""
"8/06/2016","Starbucks","STARBUCKS STORE 09SAN FRANCISCO, CA #000","2.45","debit","Coffee Shops","Investor Checking","",""
"8/05/2016","Sodoi Coffee","SODOI COFFEE BERKELEY, CA #00000019","3.52","debit","Coffee Shops","Investor Checking","",""
"8/05/2016","BART","BART-CLIPPER BERKELEY 2 BERKELEY","20.00","debit","Public Transportation","Investor Checking","",""
"8/05/2016","The Power","EB THE POWER OF EN801-413-7200, CA #0000","13.65","debit","Sporting Goods","Investor Checking","",""
"8/04/2016","Parkingfine Payby Ca","PARKINGFINE- PAYBY866-226-9288, CA #0000","157.00","debit","Parking","Investor Checking","",""
"8/04/2016","Stable","STABLE CAFE SAN FRANCISCO, CA #000","7.50","debit","Service & Parts","Investor Checking","",""
"8/03/2016","Great Western Power","GREAT WESTERN POWEOAKLAND, CA #000000190","77.00","debit","Amusement","Investor Checking","",""
"8/03/2016","7-Eleven","7-ELEVEN 2601 TELEGRAPH BERKELEY","15.38","debit","Fast Food","Investor Checking","",""
"8/03/2016","Venmo Cashout","VENMO-0 CASHOUT","50.00","credit","Income","Investor Checking","",""
"8/03/2016","Specialty S Cafe and Bakery","SPECIALTYS CAFE ANSAN FRANCISCO, CA #000","5.22","debit","Restaurants","Investor Checking","",""
"8/02/2016","Funds Transfer Brokerage","Funds Transfer to Brokerage -9258","3162.00","debit","Transfer","Investor Checking","",""
"8/02/2016","BART","BART-CLIPPER ASHBY5104646474, CA #000000","20.00","debit","Public Transportation","Investor Checking","",""
"8/02/2016","BART","BART-CLIPPER 24TH ST 28 SAN FRANCISCO","24.00","debit","Public Transportation","Investor Checking","",""
"8/02/2016","Aventura","AVENTURA ANN ARBOR, MI #0000001","30.50","debit","Restaurants","Investor Checking","",""
"8/01/2016","CVS","CVS/PHARMACY #1012BERKELEY, CA #00000019","13.23","debit","Pharmacy","Investor Checking","",""
"8/01/2016","Trader Joe's","TRADER JOE'S #231 OAKLAND, CA #000000190","49.35","debit","Groceries","Investor Checking","",""
"8/01/2016","Uber.com","UBER TECHNOLOGIES 866-576-1039, CA #0000","4.92","debit","Rental Car & Taxi","Investor Checking","",""
"8/01/2016","Prime Student Ho","Prime Student Ho RESIDENT","1477.95","debit","Mortgage & Rent","Investor Checking","",""
"8/01/2016","Amazon","AMAZON MARKETPLA INTERNET 160728","7.99","debit","Shopping","Investor Checking","",""
"8/01/2016","Starbucks","STARBUCKS STORE 02ANN ARBOR, MI #0000001","2.23","debit","Coffee Shops","Investor Checking","",""
"8/01/2016","Rich J C","RICH J C RESTAURANANN ARBOR, MI #0000001","24.00","debit","Restaurants","Investor Checking","",""
"8/01/2016","Simply Gourmet South","SIMPLY GOURMET SOUTH SAN FRA, CA #000","1.85","debit","Groceries","Investor Checking","",""
"8/01/2016","7-Eleven","7-ELEVEN 2601 TELEGRAPH BERKELEY","9.49","debit","Fast Food","Investor Checking","",""
"8/01/2016","Venmo Cashout","VENMO-0 CASHOUT","20.00","credit","Income","Investor Checking","",""
"7/31/2016","University Of Mi","UNIVERSITY OF MICHANN ARBOR, MI #0000001","20.00","debit","Doctor","Investor Checking","",""
"7/31/2016","University Of Mi","UNIVERSITY OF MICHANN ARBOR, MI #0000001","7.00","debit","Doctor","Investor Checking","",""
"7/31/2016","Uber.com","UBER US JUL30 VVHELP.UBER.COM, CA #000","4.50","debit","Rental Car & Taxi","Investor Checking","",""
"7/31/2016","Three Twins","THREE TWINS ICE CRSAN FRANCISCO, CA #000","14.95","debit","Gift","Investor Checking","",""
"7/31/2016","Uber.com","UBER US JUL30 N7HELP.UBER.COM, CA #000","9.06","debit","Rental Car & Taxi","Investor Checking","",""
"7/30/2016","Jupiter","JUPITER BERKELEY, CA #00000019","44.98","debit","Uncategorized","Investor Checking","",""
"7/30/2016","Starbucks","STARBUCKS STORE 09SAN FRANCISCO, CA #000","2.95","debit","Coffee Shops","Investor Checking","",""
"7/30/2016","Fellini","FELLINI COFFEE BARBERKELEY, VT #00000019","3.75","debit","Restaurants","Investor Checking","",""
"7/29/2016","Interest Paid","Interest Paid","0.12","credit","Interest Income","Investor Checking","",""
"7/29/2016","Pacific Gas El","PACIFIC GAS & EL PAYROLL ~ Tran: ACHDD","1516.49","credit","Paycheck","Investor Checking","",""
"7/29/2016","Deposit Mobile Banking","Deposit Mobile Banking","350.00","credit","Income","Investor Checking","",""
"7/28/2016","Designer Cuts Berkeley","DESIGNER CUTS BERKELEY, CA #00000019","18.50","debit","Hair","Investor Checking","",""
"7/28/2016","Racha Cafe","RACHA CAFE BERKELEY, CA #00000019","26.95","debit","Restaurants","Investor Checking","",""
"7/28/2016","Pacific Gas El","PACIFIC GAS & EL AP RMR*OI*1094780**586","586.06","credit","Income","Investor Checking","",""
"7/28/2016","Venmo Cashout Tran","VENMO-0 CASHOUT ~ Tran: ACHDD","13.75","credit","Income","Investor Checking","",""
"7/27/2016","Deposit Pncbank Xtransfr","ACH Deposit PNCBANK_XTRANSFR    P2P","434.00","credit","Income","Campus Card Student Checking","",""
"7/27/2016","Funds Transfer Brokerage","Funds Transfer from Brokerage -9258","1520.00","credit","Transfer","Investor Checking","",""
"7/27/2016","Arco","ARCO 83649 6407 TELEGRA OAKLAND","20.35","debit","Gas & Fuel","Investor Checking","",""
"7/27/2016","iTunes","APL* ITUNES.COM/BI866-712-7753, CA #0000","4.99","debit","Music","Investor Checking","",""
"7/27/2016","Eatsa Ca","EATSA 4159304006, CA #000000","8.92","debit","Uncategorized","Investor Checking","",""
"7/27/2016","BART","BART-CLIPPER EMBAR5104646474, CA #000000","40.00","debit","Public Transportation","Investor Checking","",""
"7/26/2016","Cafe Strada","CAFE STRADA, INC BERKELEY, CA #00000019","8.20","debit","Restaurants","Investor Checking","",""
"7/26/2016","Trader Joe's","TRADER JOE'S #231 OAKLAND, CA #000000190","40.96","debit","Groceries","Investor Checking","",""
"7/25/2016","Artichoke Basi","SQ *ARTICHOKE BASIBerkeley, CA #00000019","4.70","debit","Uncategorized","Investor Checking","",""
"7/25/2016","Venmo","VENMO-2 PAYMENT","10.00","debit","Transfer","Investor Checking","",""
"7/25/2016","Noah's Bagels","NOAH'S BAGELS #210BERKELEY, CA #00000019","4.05","debit","Fast Food","Investor Checking","",""
"7/25/2016","iTunes","APL* ITUNES.COM/BI866-712-7753, CA #0000","13.77","debit","Music","Investor Checking","",""
"7/25/2016","Uber.com","UBER US JUL23 67HELP.UBER.COM, CA #000","4.75","debit","Rental Car & Taxi","Investor Checking","",""
"7/24/2016","Shattuck Marke","SQ *SHATTUCK MARKEBerkeley, CA #00000019","8.54","debit","Groceries","Investor Checking","",""
"7/23/2016","Caffe Mediterraneum","CAFFE MEDITERRANEUBERKELEY, CA #00000019","5.00","debit","Coffee Shops","Investor Checking","",""
"7/23/2016","Espresso Roma","ESPRESSO ROMA-MILABERKELEY, CA #00000019","6.15","debit","Restaurants","Investor Checking","",""
"7/21/2016","Altairglob Cwf Altair","AltairGlob640CWF Altair","1274.40","credit","Income","Investor Checking","",""
"7/21/2016","Starbucks","STARBUCKS STORE 07MADERA, CA #0000001900","7.50","debit","Coffee Shops","Investor Checking","",""
"7/21/2016","Peet's Coffee","PEETS 14102 SAN FRANCISCO, CA #000","5.05","debit","Coffee Shops","Investor Checking","",""
"7/21/2016","Residence Inn","RESIDENCE INNS FREFRESNO, CA #0000001900","367.13","debit","Hotel","Investor Checking","",""
"7/21/2016","BART","BART-CLIPPER MONTGOMER SAN FRANCISCO","39.00","debit","Public Transportation","Investor Checking","",""
"7/20/2016","Mediterranean Grill & Cafe","MEDITERRANEAN GRILFRESNO, CA #0000001900","14.97","debit","Restaurants","Investor Checking","",""
"7/20/2016","Guadalajara","GUADALAJARAS TAQUEFRESNO, CA #0000001900","10.64","debit","Restaurants","Investor Checking","",""
"7/20/2016","Valero","CERES VALERO CERES","3.31","debit","Gas & Fuel","Investor Checking","",""
"7/20/2016","Trader Joe's","TRADER JOE'S #231 OAKLAND, CA #000000190","46.55","debit","Groceries","Investor Checking","",""
"7/20/2016","Metal Mark","METAL MARK FRESNO, CA #0000001900","2.00","debit","Uncategorized","Investor Checking","",""
"7/19/2016","Subway","SUBWAY 0426BERKELEY, CA #00000019","6.70","debit","Fast Food","Investor Checking","",""
"7/19/2016","Love's Country Stores","LOVES COUNTRY 0000RIPON, CA #00000019000","34.33","debit","Gas & Fuel","Investor Checking","",""
"7/19/2016","Amazon","AMAZON INTERNET 160715","384.00","debit","Shopping","Investor Checking","",""
"7/18/2016","Cafe Strada","CAFE STRADA, INC BERKELEY, CA #00000019","2.75","debit","Restaurants","Investor Checking","",""
"7/18/2016","Love's Country Stores","LOVES COUNTRY RIPON","3.03","debit","Gas & Fuel","Investor Checking","",""
"7/18/2016","Amazon","AMAZON INTERNET 160714","332.43","debit","Shopping","Investor Checking","",""
"7/17/2016","Chevron","CHEVRON/CSI-098345/1547 CARMEL","3.24","debit","Gas & Fuel","Investor Checking","",""
"7/17/2016","Seniores Pizza Ber","SENIORES PIZZA BERBERKELEY, CA #00000019","3.49","debit","Restaurants","Investor Checking","",""
"7/17/2016","Chevron","CHEVRON 0094800 OAKLAND, CA #000000190","41.04","debit","Gas & Fuel","Investor Checking","",""
"7/16/2016","Cafe Strada","CAFE STRADA, INC BERKELEY, CA #00000019","3.75","debit","Restaurants","Investor Checking","",""
"7/16/2016","iTunes","APL* ITUNES.COM/BI866-712-7753, CA #0000","0.99","debit","Music","Investor Checking","",""
"7/16/2016","Trader Joe's","TRADER JOE'S # 231 OAKLAND","26.65","debit","Groceries","Investor Checking","",""
"7/15/2016","Newegg","WWW.NEWEGG.COM 800-390-1119, CA #0000","80.61","debit","Electronics & Software","Investor Checking","",""
"7/15/2016","Funds Transfer Brokerage","Funds Transfer from Brokerage -9258","1000.00","credit","Transfer","Investor Checking","",""
"7/15/2016","Deposit Mobile Banking","Deposit Mobile Banking","1396.58","credit","Income","Investor Checking","",""
"7/15/2016","Newegg","WWW.NEWEGG.COM 800-390-1119, CA #0000","342.88","debit","Electronics & Software","Investor Checking","",""
"7/14/2016","Chevron","CHEVRON 0090972 BERKELEY, CA #00000019","15.05","debit","Gas & Fuel","Investor Checking","",""
"7/14/2016","Amazon","AMAZON INTERNET 160712","19.59","debit","Shopping","Investor Checking","",""
"7/14/2016","Amazon","AMAZON INTERNET 160712","14.67","debit","Shopping","Investor Checking","",""
"7/14/2016","Starbucks","STARBUCKS STORE 09SAN FRANCISCO, CA #000","2.45","debit","Coffee Shops","Investor Checking","",""
"7/13/2016","Ets Gre Test","ETS*GRE Test Serv609-771-7670, NJ #0000","205.00","debit","Uncategorized","Investor Checking","",""
"7/13/2016","CVS","CVS/PHARMACY #10 10121- BERKELEY","4.59","debit","Pharmacy","Investor Checking","",""
"7/13/2016","Venmo","VENMO-2 PAYMENT","25.00","debit","Transfer","Investor Checking","",""
"7/12/2016","Touchstone Climbing","TOUCHSTONE CLIMBIN8778877815, CA #000000","50.00","debit","Amusement","Investor Checking","",""
"7/12/2016","Starbucks","STARBUCKS #10251 SSan Francisco, CA #000","2.25","debit","Coffee Shops","Investor Checking","",""
"7/12/2016","Touchstone Climbing","TOUCHSTONE CLIMBIN8778877815, CA #000000","50.00","debit","Amusement","Investor Checking","",""
"7/11/2016","Peet's Coffee","PEETS 13602 BERKELEY, CA #00000019","2.30","debit","Coffee Shops","Investor Checking","",""
"7/11/2016","Venmo","VENMO-2 PAYMENT","6.00","debit","Transfer","Investor Checking","",""
"7/10/2016","Triple Rock Brewery","TRIPLE ROCK BREWERBERKELEY, CA #00000019","9.50","debit","Alcohol & Bars","Investor Checking","",""
"7/10/2016","Bourbon & Branch","BOURBON AND BRANCHSAN FRANCISCO, CA #000","30.82","debit","Alcohol & Bars","Investor Checking","",""
"7/10/2016","CVS","CVS/PHARMACY BERKELEY","17.07","debit","Pharmacy","Investor Checking","",""
"7/10/2016","CVS","CVS/PHARMACY #10 10121- BERKELEY","14.01","debit","Pharmacy","Investor Checking","",""
"7/09/2016","Miss Tomato Sandwich Shop","MISS TOMATO SANDWISAN FRANCISCO, CA #000","9.25","debit","Fast Food","Investor Checking","",""
"7/09/2016","BART","BART-CLIPPER ASHBY 3100 BERKELEY","30.00","debit","Public Transportation","Investor Checking","",""
"7/09/2016","Berkel & Berkel","PP*CREAMBERKEL BERKELEY, CA #00000019","4.98","debit","Restaurants","Investor Checking","",""
"7/09/2016","Trader Joe's","TRADER JOE'S # 231 OAKLAND","62.45","debit","Groceries","Investor Checking","",""
"7/08/2016","Starbucks","STARBUCKS STORE 09SAN FRANCISCO, CA #000","4.00","debit","Coffee Shops","Investor Checking","",""
"7/08/2016","San Francisco, Ca Rgnl","TEETH SAN FRANCISCO, CA #000","17.81","debit","Business Services","Investor Checking","",""
"7/07/2016","Bart Clipper Embarcade","BART-CLIPPER EMBARCADE SAN FRANCISCO (Re","20.00","credit","Income","Investor Checking","",""
"7/07/2016","Peet's Coffee","PEETS 14102 SAN FRANCISCO, CA #000","3.00","debit","Coffee Shops","Investor Checking","",""
"7/07/2016","BART","BART-CLIPPER EMBARCADE SAN FRANCISCO","20.00","debit","Public Transportation","Investor Checking","",""
"7/07/2016","BART","BART-CLIPPER EMBARCADE SAN FRANCISCO","20.00","debit","Public Transportation","Investor Checking","",""
"7/06/2016","U Cha","U CHA BERKELEY, CA #00000019","4.77","debit","Uncategorized","Investor Checking","",""
"7/06/2016","Blue Bottle Cosan","SQ *BLUE BOTTLE COSAN FRANCISCO, CA #000","4.16","debit","Coffee Shops","Investor Checking","",""
"7/06/2016","Han Bistro","HAN'S BISTRO BERKELEY, CA #00000019","14.35","debit","Restaurants","Investor Checking","",""
"7/05/2016","Funds Transfer Brokerage","Funds Transfer to Brokerage -9258","739.00","debit","Transfer","Investor Checking","",""
"7/05/2016","Venmo Cashout","VENMO-0 CASHOUT","770.03","credit","Income","Investor Checking","",""
"7/05/2016","Amazon","AMAZON INTERNET 160704","13.80","debit","Shopping","Investor Checking","",""
"7/04/2016","Tugg Tx","855-321-8844 TUGG.8553218844, TX #000000","26.00","debit","Movies & DVDs","Investor Checking","",""
"7/04/2016","Slanted Door","SLANTED DOOR SAN FRANCISCO, CA #000","13.01","debit","Restaurants","Investor Checking","",""
"7/03/2016","Starbucks","STARBUCKS STORE 05SAN FRANCISCO, CA #000","4.00","debit","Coffee Shops","Investor Checking","",""
"7/03/2016","Great Western Power","GREAT WESTERN POWEOAKLAND, CA #000000190","77.00","debit","Amusement","Investor Checking","",""
"7/02/2016","Performance Bike","PERFORMANCE BIKE SHOP 1 BERKELEY","70.58","debit","Sporting Goods","Investor Checking","",""
"7/02/2016","Levi's","LEVIS STORE 186 SAN FRANCISCO","31.64","debit","Clothing","Investor Checking","",""
"7/02/2016","Trader Joe's","TRADER JOE'S #186 BERKELEY","123.87","debit","Groceries","Investor Checking","",""
"7/02/2016","Uniqlo","UNIQLO UNION SQUARSAN FRANCISCO, CA #000","8.59","debit","Clothing","Investor Checking","",""
"7/02/2016","7-Eleven","7-ELEVEN 2601 TELEGRAPH BERKELEY","18.05","debit","Fast Food","Investor Checking","",""
"7/01/2016","Uber.com","UBER TECHNOLOGIES 866-576-1039, CA #0000","13.16","debit","Rental Car & Taxi","Investor Checking","",""
"7/01/2016","Deposit Mobile Banking","Deposit Mobile Banking","1516.49","credit","Income","Investor Checking","",""
"7/01/2016","Corner Bakery Cafe","CORNER BAKERY CAFESAN FRANCISCO, CA #000","5.48","debit","Restaurants","Investor Checking","",""
"7/01/2016","Starbucks","STARBUCKS STORE 09SAN FRANCISCO, CA #000","2.45","debit","Coffee Shops","Investor Checking","",""
"7/01/2016","Uniqlo","UNIQLO UNION SQUARSAN FRANCISCO, CA #000","54.16","debit","Clothing","Investor Checking","",""
"7/01/2016","Inst Xfer","PAYPAL INST XFER 160630","597.20","debit","Transfer","Investor Checking","",""
"6/30/2016","ATM Fee Refund","ATM Fee Rebate","8.00","credit","ATM Fee","Investor Checking","",""
"6/30/2016","Interest Paid","Interest Paid","0.05","credit","Interest Income","Investor Checking","",""
"6/30/2016","BART","BART ASHBY STATION QPS BERKELEY","6.00","debit","Public Transportation","Investor Checking","",""
"6/30/2016","BART","BART-CLIPPER EMBARCADE SAN FRANCISCO","20.00","debit","Public Transportation","Investor Checking","",""
"6/30/2016","Prime Student Ho","Prime Student Ho RESIDENT","1477.95","debit","Mortgage & Rent","Investor Checking","",""
"6/29/2016","Slanted Door","SLANTED DOOR SAN FRANCISCO, CA #000","15.27","debit","Restaurants","Investor Checking","",""
"6/29/2016","Uber.com","UBER US JUN28 TCHELP.UBER.COM, CA #000","9.88","debit","Rental Car & Taxi","Investor Checking","",""
"6/29/2016","Deposit Mobile Banking","Deposit Mobile Banking","500.00","credit","Income","Investor Checking","",""
"6/29/2016","Uber.com","UBER US JUN28 K7HELP.UBER.COM, CA #000","11.22","debit","Rental Car & Taxi","Investor Checking","",""
"6/29/2016","Amazon","AMAZON MARKETPLA INTERNET 160628","49.99","debit","Shopping","Investor Checking","",""
"6/28/2016","Whole Foods","WHOLEFDS PTH 102 450 RH SAN FRANCISCO","12.52","debit","Groceries","Investor Checking","",""
"6/28/2016","CVS","CVS/PHARMACY #10 10121- BERKELEY","14.20","debit","Pharmacy","Investor Checking","",""
"6/27/2016","Funds Transfer Brokerage","Funds Transfer from Brokerage -9258","1520.00","credit","Transfer","Investor Checking","",""
"6/27/2016","Starbucks","STARBUCKS STORE 10MERCED, CA #0000001900","0.50","debit","Coffee Shops","Investor Checking","",""
"6/27/2016","iTunes","APL* ITUNES.COM/BI866-712-7753, CA #0000","4.99","debit","Music","Investor Checking","",""
"6/27/2016","Amazon","AMAZON INTERNET 160623","19.67","debit","Shopping","Investor Checking","",""
"6/26/2016","iTunes","APL* ITUNES.COM/BI866-712-7753, CA #0000","13.77","debit","Music","Investor Checking","",""
"6/25/2016","Rich & Sal's Sport Shop","RICH AND SALS SPORT PINECREST","7.51","debit","Sporting Goods","Investor Checking","",""
"6/24/2016","BART","BART-CLIPPER POWEL5104646474, CA #000000","20.00","debit","Public Transportation","Investor Checking","",""
"6/23/2016","Nas Coffee","NAS COFFEE SAN FRANCISCO, CA #000","4.20","debit","Coffee Shops","Investor Checking","",""
"6/23/2016","Recreation.gov","RECREATION.GOV 888-448-1474, NY #0000","24.00","debit","Travel","Investor Checking","",""
"6/23/2016","Recreation.gov","RECREATION.GOV 888-448-1474, NY #0000","4.50","debit","Travel","Investor Checking","",""
"6/22/2016","Over The Moon","SQ *OVER THE MOON San Francisco, CA #000","3.50","debit","Business Services","Investor Checking","",""
"6/22/2016","Univ Michigan Um","UNIV OF MICHIGAN UM_PAYMENT 160621~ Tran","7.60","credit","Income","Investor Checking","",""
"6/21/2016","iTunes","APL* ITUNES.COM/BI866-712-7753, CA #0000","12.71","debit","Music","Investor Checking","",""
"6/20/2016","Funds Transfer Brokerage","Funds Transfer from Brokerage -9258","833.18","credit","Transfer","Investor Checking","",""
"6/20/2016","Four Barrel Cosan","SQ *FOUR BARREL COSan Francisco, CA #000","7.88","debit","Coffee Shops","Investor Checking","",""
"6/20/2016","Purple Kow","PURPLE KOW BERKELEY, CA #00000019","9.38","debit","Restaurants","Investor Checking","",""
"6/20/2016","Venmo","VENMO-2 PAYMENT","12.50","debit","Transfer","Investor Checking","",""
"6/20/2016","Taqueria Los Coyotes","TAQUERIA LOS COYOTSAN FRANCISCO, CA #000","9.07","debit","Restaurants","Investor Checking","",""
"6/20/2016","Philz Coffee","SQ *PHILZ COFFEE OAKLAND, CA #000000190","18.00","debit","Coffee Shops","Investor Checking","",""
"6/20/2016","San Francisco, Ca Rgnl","ABV SAN FRANCISCO, CA #000","26.93","debit","Business Services","Investor Checking","",""
"6/20/2016","7-Eleven","7-ELEVEN 2601 TELEGRAPH BERKELEY","11.62","debit","Fast Food","Investor Checking","",""
"6/20/2016","Ben & Jerry's","BEN AND JERRY'S OFBERKELEY, CA #00000019","6.00","debit","Fast Food","Investor Checking","",""
"6/19/2016","Uber.com","UBER JUN17 US 6WHELP.UBER.COM, CA #000","54.48","debit","Rental Car & Taxi","Investor Checking","",""
"6/19/2016","Trader Joe's","TRADER JOE'S # 231 OAKLAND","25.85","debit","Groceries","Investor Checking","",""
"6/19/2016","Uber.com","UBER TECHNOLOGIES 866-576-1039, CA #0000","5.70","debit","Rental Car & Taxi","Investor Checking","",""
"6/19/2016","Dogpatch Boulders","DOGPATCH BOULDERS SAN FRANCISCO, CA #000","6.51","debit","Uncategorized","Investor Checking","",""
"6/18/2016","Starbucks","STARBUCKS #05852 SSan Francisco, CA #000","1.94","debit","Coffee Shops","Investor Checking","",""
"6/18/2016","Pappy's Grill LLC","PAPPY'S GRILL AND BERKELEY, CA #00000019","6.00","debit","Fast Food","Investor Checking","",""
"6/18/2016","Pappy's Grill LLC","PAPPY'S GRILL AND BERKELEY, CA #00000019","15.00","debit","Fast Food","Investor Checking","",""
"6/18/2016","Walgreens","WALGREENS #15025 BERKELEY, CA #00000019","28.00","debit","Pharmacy","Investor Checking","",""
"6/16/2016","Amazon","AMAZON INTERNET 160615","36.96","debit","Shopping","Investor Checking","",""
"6/16/2016","Alite Outpost","SQ *ALITE OUTPOST SAN FRANCISCO, CA #000","27.02","debit","Uncategorized","Investor Checking","",""
"6/16/2016","BART","BART ASHBY STATION QPS BERKELEY","20.00","debit","Public Transportation","Investor Checking","",""
"6/16/2016","iTunes","APL* ITUNES.COM/BI866-712-7753, CA #0000","0.99","debit","Music","Investor Checking","",""
"6/16/2016","Wholesome","SQ *WHOLESOME BAKESAN FRANCISCO, CA #000","4.00","debit","Groceries","Investor Checking","",""
"6/15/2016","Philz Coffee, Inc.","SQ *PHILZ COFFEE IBERKELEY, CA #00000019","5.50","debit","Fast Food","Investor Checking","",""
"6/15/2016","Venmo","VENMO-2 PAYMENT","27.00","debit","Transfer","Investor Checking","",""
"6/15/2016","Artesa Winery","ARTESA WINERY NAPA, CA #000000190029","29.70","debit","Business Services","Investor Checking","",""
"6/14/2016","Inst Xfer","PAYPAL INST XFER 160613","10.00","debit","Transfer","Investor Checking","",""
"6/14/2016","Amazon","AMAZON MARKETPLA INTERNET 160610","28.95","debit","Shopping","Investor Checking","",""
"6/13/2016","La Note Restaurant","LA NOTE RESTAURANTBERKELEY, CA #00000019","25.83","debit","Restaurants","Investor Checking","",""
"6/13/2016","CVS","CVS/PHARMACY #10 10121- BERKELEY","20.77","debit","Pharmacy","Investor Checking","",""
"6/13/2016","Venmo","VENMO-2 PAYMENT","6.75","debit","Transfer","Investor Checking","",""
"6/13/2016","Derby Food Center","DERBY FOOD CENT 2707 CO BERKELEY","22.50","debit","Groceries","Investor Checking","",""
"6/13/2016","Trader Joe's","TRADER JOE'S # 231 OAKLAND","49.90","debit","Groceries","Investor Checking","",""
"6/13/2016","Ks Coffee House","SACKS COFFEE HOUSEBERKELEY, CA #00000019","6.60","debit","Coffee Shops","Investor Checking","",""
"6/12/2016","Andies Cafe","ANDIES CAFE NAPA, CA #000000190075","9.28","debit","Restaurants","Investor Checking","",""
"6/12/2016","Jupiter","JUPITER BERKELEY, CA #00000019","8.32","debit","Uncategorized","Investor Checking","",""
"6/12/2016","Artichoke Basi","SQ *ARTICHOKE BASIBerkeley, CA #00000019","5.20","debit","Uncategorized","Investor Checking","",""
"6/12/2016","Chevron","CHEVRON 0090877 BERKELEY, CA #00000019","32.68","debit","Gas & Fuel","Investor Checking","",""
"6/11/2016","BART","BART ASHBY STATION5104646474, CA #000000","20.00","debit","Public Transportation","Investor Checking","",""
"6/11/2016","Great Western Power","GREAT WESTERN POWEOAKLAND, CA #000000190","106.47","debit","Amusement","Investor Checking","",""
"6/10/2016","Pizza Politana","SQ *PIZZA POLITANAPETALUMA, CA #00000019","12.00","debit","Restaurants","Investor Checking","",""
"6/10/2016","Funds Transfer Brokerage","Funds Transfer to Brokerage -9258","1465.00","debit","Transfer","Investor Checking","",""
"6/09/2016","DoorDash.com","DOORDASH.COM DOORDASH.COM, CA #0000","11.24","debit","Food & Dining","Investor Checking","",""
"6/09/2016","Venmo Cashout","VENMO-0 CASHOUT","771.10","credit","Income","Investor Checking","",""
"6/09/2016","Trader Joe's","TRADER JOE'S #231 OAKLAND, CA #000000190","111.69","debit","Groceries","Investor Checking","",""
"6/09/2016","Yelpinc Eat Misswww","YELPINC*EAT24 MISSWWW.YELP.COM, CA #0000","8.69","debit","Uncategorized","Investor Checking","",""
"6/08/2016","Altairglob Cwf Altair","AltairGlob640CWF Altair","1500.00","credit","Income","Investor Checking","",""
"6/08/2016","Mixt Greens","MIXT GREENS SAN FRANCISCO, CA #000","12.29","debit","Restaurants","Investor Checking","",""
"6/07/2016","Burger Bar","BURGER BAR SAN FRASAN FRANCISCO, CA #000","48.00","debit","Alcohol & Bars","Investor Checking","",""
"6/07/2016","Chase","CHASE 5131 SHATTUCK AVE OAKLAND","23.00","debit","Cash & ATM","Investor Checking","",""
"6/07/2016","7-Eleven","7-ELEVEN 195 PINE ST SAN FRANCISCO","1.44","debit","Fast Food","Investor Checking","",""
"6/07/2016","BART","BART ASHBY STATION QPS BERKELEY","20.00","debit","Public Transportation","Investor Checking","",""
"6/06/2016","Papa Joes Gas","PAPA JOES GAS & GOMOAB, UT #000000190066","20.06","debit","Food & Dining","Investor Checking","",""
"6/06/2016","Freeway","ELKO FREEWAY SINCLELKO, NV #000000190049","36.81","debit","Printing","Investor Checking","",""
"6/06/2016","Peet's Coffee","PEET'S #07102 SAN FRANCISCO, CA #000","4.00","debit","Coffee Shops","Investor Checking","",""
"6/06/2016","Pagan Mountaineering","PAGAN MOUNTAINEERIMOAB, UT #000000190014","6.48","debit","Sporting Goods","Investor Checking","",""
